City_ID,City,Country,Date,Lat,Lng,Max Temp,Humidity,Cloudiness,Wind Speed
0,Port Alfred,ZA,2021-03-27 17:09:21,-33.5906,26.891,67.3,74,18,19.82
1,Mar Del Plata,AR,2021-03-27 17:09:21,-38.0023,-57.5575,64.99,77,75,23.02
2,Collie,AU,2021-03-27 17:09:22,-33.3667,116.15,55.99,80,76,5.21
3,Punta Arenas,CL,2021-03-27 17:09:22,-53.15,-70.9167,64.4,52,0,20.71
4,Ushuaia,AR,2021-03-27 17:06:00,-54.8,-68.3,57.2,62,75,14.97
5,Australind,AU,2021-03-27 17:09:22,-33.2667,115.7167,55.99,80,56,6.11
6,Portland,US,2021-03-27 17:06:18,45.5234,-122.6762,50.0,66,75,1.7
7,Mataura,NZ,2021-03-27 17:09:22,-46.1927,168.8643,55.99,91,52,1.01
8,Guerrero Negro,MX,2021-03-27 17:09:23,27.9769,-114.0611,63.79,48,0,4.18
9,Hervey Bay,AU,2021-03-27 17:09:23,-25.2986,152.8535,71.01,79,5,1.01
10,Isangel,VU,2021-03-27 17:09:23,-19.55,169.2667,76.98,88,6,7.52
11,Maragogi,BR,2021-03-27 17:09:23,-9.0122,-35.2225,82.62,70,71,9.6
12,Los Llanos De Aridane,ES,2021-03-27 17:09:24,28.6585,-17.9182,68.0,73,40,9.22
13,Cape Town,ZA,2021-03-27 17:08:17,-33.9258,18.4232,66.0,59,20,21.85
14,Atuona,PF,2021-03-27 17:09:24,-9.8,-139.0333,80.17,79,81,19.17
15,Namibe,AO,2021-03-27 17:06:11,-15.1961,12.1522,75.07,79,97,9.48
16,Chokurdakh,RU,2021-03-27 17:09:24,70.6333,147.9167,-6.54,89,99,5.41
17,Codrington,AU,2021-03-27 17:09:24,-38.2667,141.9667,53.55,85,86,7.54
18,Kachiry,KZ,2021-03-27 17:09:25,53.0675,76.1036,34.03,92,100,14.52
19,Khatanga,RU,2021-03-27 17:09:25,71.9667,102.5,3.56,94,100,7.16
20,Jilib,SO,2021-03-27 17:09:25,0.4883,42.7854,78.93,76,75,7.87
21,Tuktoyaktuk,CA,2021-03-27 17:09:25,69.4541,-133.0374,-27.4,75,75,3.44
22,Manjacaze,MZ,2021-03-27 17:09:26,-24.7117,33.8828,71.26,86,1,5.19
23,Kruisfontein,ZA,2021-03-27 17:09:26,-34.0033,24.7314,64.99,73,18,4.0
24,Namatanai,PG,2021-03-27 17:09:26,-3.6667,152.4333,78.96,80,100,9.4
25,Bubaque,GW,2021-03-27 17:09:26,11.2833,-15.8333,77.32,73,24,16.06
26,Wajir,KE,2021-03-27 17:09:26,1.7471,40.0573,95.0,28,0,7.11
27,Poya,NC,2021-03-27 17:09:27,-21.35,165.15,76.23,85,19,2.55
28,Jamame,SO,2021-03-27 17:09:27,0.0722,42.7506,79.95,74,23,10.16
29,Westport,US,2021-03-27 17:09:27,41.1415,-73.3579,64.0,51,1,13.8
30,Te Anau,NZ,2021-03-27 17:09:27,-45.4167,167.7167,57.51,93,100,2.21
31,Manokwari,ID,2021-03-27 17:09:28,-0.8667,134.0833,77.22,83,100,4.09
32,Barrow,US,2021-03-27 17:09:28,71.2906,-156.7887,-16.6,83,1,3.44
33,Maneadero,MX,2021-03-27 17:07:26,31.7167,-116.5667,61.0,73,0,1.99
34,Hermanus,ZA,2021-03-27 17:09:28,-34.4187,19.2345,64.0,72,59,12.28
35,Alice Springs,AU,2021-03-27 17:09:28,-23.7,133.8833,71.6,78,60,5.75
36,Ostersund,SE,2021-03-27 17:09:29,63.1792,14.6357,39.2,87,90,9.22
37,Cherskiy,RU,2021-03-27 17:09:29,68.75,161.3,-21.84,99,31,5.37
38,Khandbari,NP,2021-03-27 17:09:29,27.3747,87.2039,63.77,21,0,4.72
39,Vestmanna,FO,2021-03-27 17:09:29,62.1564,-7.1664,39.2,75,75,24.16
40,Cayenne,GF,2021-03-27 17:09:30,4.9333,-52.3333,86.0,66,75,18.41
41,Gornyy,RU,2021-03-27 17:09:30,55.1153,83.9059,23.58,95,100,5.86
42,Puerto Ayora,EC,2021-03-27 17:09:14,-0.7393,-90.3518,82.4,74,20,11.5
43,Kaitangata,NZ,2021-03-27 17:09:30,-46.2817,169.8464,53.44,77,27,5.21
44,San Francisco,US,2021-03-27 17:08:29,37.7749,-122.4194,61.0,72,1,4.61
45,Fort Nelson,CA,2021-03-27 17:09:30,58.8053,-122.7002,24.8,74,90,3.69
46,Airai,TL,2021-03-27 17:09:30,-8.9266,125.4092,60.03,93,100,2.3
47,Butaritari,KI,2021-03-27 17:09:31,3.0707,172.7902,81.07,79,96,14.5
48,Arraial Do Cabo,BR,2021-03-27 17:09:31,-22.9661,-42.0278,91.4,70,0,14.97
49,Rikitea,PF,2021-03-27 17:06:21,-23.1203,-134.9692,78.91,72,22,19.26
50,Kapaa,US,2021-03-27 17:07:46,22.0752,-159.319,73.4,83,20,13.8
51,Busselton,AU,2021-03-27 17:09:31,-33.65,115.3333,55.99,90,61,8.86
52,Tiksi,RU,2021-03-27 17:09:31,71.6872,128.8694,7.29,97,100,1.41
53,Saint George,US,2021-03-27 17:06:55,37.1041,-113.5841,57.0,35,1,4.61
54,Thompson,CA,2021-03-27 17:09:32,55.7435,-97.8558,15.8,67,20,10.36
55,Moose Factory,CA,2021-03-27 17:09:32,51.2585,-80.6094,23.0,53,1,2.3
56,Ribeira Grande,PT,2021-03-27 17:09:32,38.5167,-28.7,62.6,82,40,11.5
57,Dingle,PH,2021-03-27 17:09:32,10.9995,122.6711,76.24,85,34,6.58
58,Adrar,MR,2021-03-27 17:09:33,20.5022,-10.0711,94.73,4,1,10.51
59,Dikson,RU,2021-03-27 17:09:33,73.5069,80.5464,-18.11,100,71,8.03
60,Saint-Philippe,RE,2021-03-27 17:09:33,-21.3585,55.7679,77.0,94,75,5.75
61,Georgetown,MY,2021-03-27 17:09:15,5.4112,100.3354,82.4,83,40,4.61
62,Cabo San Lucas,MX,2021-03-27 17:09:33,22.8909,-109.9124,73.99,64,1,6.91
63,Sao Filipe,CV,2021-03-27 17:09:33,14.8961,-24.4956,71.28,71,2,17.63
64,Hamina,FI,2021-03-27 17:09:34,60.5697,27.1979,39.2,81,40,8.05
65,Requena,ES,2021-03-27 17:09:34,39.4883,-1.1004,59.0,70,99,1.01
66,Saskylakh,RU,2021-03-27 17:09:34,71.9167,114.0833,-13.52,100,100,1.54
67,Lavrentiya,RU,2021-03-27 17:09:34,65.5833,-171.0,-16.2,90,13,4.56
68,Makakilo City,US,2021-03-27 17:09:35,21.3469,-158.0858,73.4,83,1,4.61
69,Kirakira,SB,2021-03-27 17:09:35,-10.4544,161.9205,80.22,84,82,8.46
70,Genhe,CN,2021-03-27 17:09:35,50.7833,121.5167,31.33,90,100,13.42
71,Vrangel,RU,2021-03-27 17:09:35,42.7297,133.0839,39.2,91,100,9.53
72,Carnarvon,AU,2021-03-27 17:09:36,-24.8667,113.6333,77.0,78,1,6.91
73,Miles City,US,2021-03-27 17:09:36,46.4083,-105.8406,37.4,75,75,10.36
74,Farafangana,MG,2021-03-27 17:09:36,-22.8167,47.8333,78.21,85,2,6.71
75,Newport,GB,2021-03-27 17:09:37,51.5877,-2.9984,51.01,69,93,1.99
76,Kudahuvadhoo,MV,2021-03-27 17:09:37,2.6708,72.8944,80.67,76,100,4.74
77,Mount Gambier,AU,2021-03-27 17:09:37,-37.8333,140.7667,53.6,94,90,9.22
78,Grand Baie,MU,2021-03-27 17:09:37,-20.0182,57.5802,79.0,81,58,1.01
79,Falmouth,GB,2021-03-27 17:09:38,50.1544,-5.0711,50.0,81,40,21.85
80,Pangnirtung,CA,2021-03-27 17:09:38,66.1451,-65.7125,-6.14,76,48,3.8
81,Trincomalee,LK,2021-03-27 17:09:38,8.5711,81.2335,82.31,76,94,7.99
82,San Andres,CO,2021-03-27 17:09:38,12.5847,-81.7006,86.0,62,20,16.11
83,Mormugao,IN,2021-03-27 17:09:38,15.4,73.8,86.0,84,40,4.61
84,Truro,GB,2021-03-27 17:09:17,50.2653,-5.0544,50.0,71,20,19.57
85,Semey,KZ,2021-03-27 17:09:39,50.4111,80.2275,33.8,93,90,6.71
86,Zvishavane,ZW,2021-03-27 17:09:39,-20.3267,30.0665,72.25,33,0,3.38
87,Kodiak,US,2021-03-27 17:09:39,57.79,-152.4072,30.2,43,1,11.5
88,San Patricio,US,2021-03-27 17:09:39,28.017,-97.5169,82.4,74,40,16.11
89,Tasiilaq,GL,2021-03-27 17:09:40,65.6145,-37.6368,17.6,57,90,25.32
90,Qaanaaq,GL,2021-03-27 17:09:40,77.484,-69.3632,-6.25,73,100,4.92
91,Santa Cruz,BO,2021-03-27 17:09:40,-17.8,-63.1667,87.8,69,75,4.61
92,Tupelo,US,2021-03-27 17:08:12,34.2576,-88.7034,78.8,65,90,9.22
93,Keti Bandar,PK,2021-03-27 17:09:40,24.1447,67.4497,79.41,67,9,11.61
94,New Norfolk,AU,2021-03-27 17:09:41,-42.7826,147.0587,52.0,80,56,3.74
95,Samaipata,BO,2021-03-27 17:09:41,-18.15,-63.8667,61.45,90,96,3.76
96,Broken Hill,AU,2021-03-27 17:09:41,-31.95,141.4333,59.0,58,42,5.75
97,Yulara,AU,2021-03-27 17:09:41,-25.2406,130.9889,73.4,78,90,6.91
98,Baykit,RU,2021-03-27 17:09:41,61.67,96.37,24.82,97,100,3.22
99,Ponta Do Sol,PT,2021-03-27 17:09:42,32.6667,-17.1,57.2,77,75,8.05
100,Shumskiy,RU,2021-03-27 17:09:42,54.8318,99.1328,21.58,94,58,4.18
101,Dunedin,NZ,2021-03-27 17:09:42,-45.8742,170.5036,62.01,65,87,1.01
102,Luganville,VU,2021-03-27 17:09:42,-15.5333,167.1667,79.79,85,88,6.6
103,Biak,ID,2021-03-27 17:09:43,-0.9131,122.8766,76.57,86,100,5.32
104,Jamestown,US,2021-03-27 17:09:43,42.097,-79.2353,57.99,58,40,5.37
105,Ughelli,NG,2021-03-27 17:09:43,5.4899,6.0074,86.25,60,100,6.82
106,Pyaozerskiy,RU,2021-03-27 17:09:43,65.8333,31.1667,36.86,89,100,11.12
107,Vigrestad,NO,2021-03-27 17:09:43,58.5667,5.7,46.0,80,6,6.87
108,Albany,US,2021-03-27 17:09:44,42.6001,-73.9662,54.0,46,26,8.05
109,Asau,RO,2021-03-27 17:09:44,46.4333,26.4,52.0,46,0,6.91
110,Hope,US,2021-03-27 17:08:57,33.6671,-93.5916,80.01,57,96,5.99
111,Lazaro Cardenas,MX,2021-03-27 17:09:44,17.9583,-102.2,82.71,42,1,6.4
112,Hilo,US,2021-03-27 17:09:45,19.7297,-155.09,66.2,68,1,6.91
113,Constitucion,CL,2021-03-27 17:09:45,-35.3333,-72.4167,70.11,41,42,13.04
114,Salalah,OM,2021-03-27 17:09:45,17.0151,54.0924,82.4,65,0,4.61
115,Panzhihua,CN,2021-03-27 17:09:45,26.5851,101.7128,59.0,40,0,1.12
116,Richards Bay,ZA,2021-03-27 17:09:45,-28.783,32.0377,71.74,87,34,16.89
117,Viedma,AR,2021-03-27 17:09:46,-40.8135,-62.9967,73.26,18,49,7.11
118,Marzuq,YE,2021-03-27 17:09:46,14.4,46.4667,70.34,39,24,8.66
119,Okha,RU,2021-03-27 17:09:46,53.5739,142.9478,13.77,93,51,8.32
120,High Rock,BS,2021-03-27 17:09:46,26.6208,-78.2833,82.4,65,20,13.8
121,Lensk,RU,2021-03-27 17:09:47,60.7253,114.9278,14.85,94,70,4.63
122,Tougue,GN,2021-03-27 17:09:47,11.4667,-11.6,97.97,7,32,7.43
123,Osa,RU,2021-03-27 17:09:47,57.2829,55.4567,27.54,81,54,11.23
124,Lompoc,US,2021-03-27 17:09:47,34.6391,-120.4579,64.0,58,1,3.44
125,Nelson Bay,AU,2021-03-27 17:09:47,-32.7167,152.15,60.8,88,18,8.05
126,Fairbanks,US,2021-03-27 17:09:05,64.8378,-147.7164,17.6,92,90,2.1
127,Lebu,CL,2021-03-27 17:09:48,-37.6167,-73.65,60.49,67,71,18.59
128,Hay River,CA,2021-03-27 17:09:48,60.8156,-115.7999,14.0,52,82,5.75
129,Plettenberg Bay,ZA,2021-03-27 17:09:48,-34.0527,23.3716,62.76,72,76,7.63
130,Mudgal,IN,2021-03-27 17:09:48,16.0167,76.4333,87.3,20,9,9.13
131,Lannion,FR,2021-03-27 17:09:49,48.75,-3.4167,51.8,76,90,14.97
132,Ancud,CL,2021-03-27 17:09:49,-41.8697,-73.8203,68.0,67,20,6.91
133,Tura,IN,2021-03-27 17:09:49,25.5198,90.2201,73.27,13,0,3.98
134,Kahului,US,2021-03-27 17:09:52,20.8947,-156.47,69.01,88,20,4.61
135,Nome,US,2021-03-27 17:09:53,64.5011,-165.4064,-6.0,77,1,4.36
136,Havre-Saint-Pierre,CA,2021-03-27 17:09:53,50.2334,-63.5986,24.8,46,1,12.66
137,Severo-Kurilsk,RU,2021-03-27 17:09:53,50.6789,156.125,25.72,86,100,35.57
138,Nanortalik,GL,2021-03-27 17:09:53,60.1432,-45.2371,9.05,72,8,19.89
139,Zhigansk,RU,2021-03-27 17:09:53,66.7697,123.3711,7.14,98,96,5.44
140,Mahibadhoo,MV,2021-03-27 17:09:54,3.7833,72.9667,79.66,81,100,4.52
141,Kharagpur,IN,2021-03-27 17:09:54,22.3333,87.3333,80.89,63,17,12.93
142,Shahr-E Babak,IR,2021-03-27 17:09:54,30.1165,55.1186,66.18,21,6,8.93
143,Khorinsk,RU,2021-03-27 17:09:54,52.1657,109.7726,17.11,92,85,4.85
144,Tarko-Sale,RU,2021-03-27 17:09:55,64.9225,77.785,2.41,96,51,12.64
145,Nizhniy Baskunchak,RU,2021-03-27 17:09:55,48.2198,46.8311,37.18,97,89,8.95
146,Bendigo,AU,2021-03-27 17:09:55,-36.7667,144.2833,48.99,49,27,4.09
147,Castro,BR,2021-03-27 17:09:55,-24.7911,-50.0119,81.36,51,93,6.13
148,Fare,PF,2021-03-27 17:09:56,-16.7,-151.0167,82.6,73,55,22.01
149,Leningradskiy,RU,2021-03-27 17:09:56,69.3833,178.4167,-19.03,91,21,7.14
150,Pandan,PH,2021-03-27 17:09:56,14.0453,124.1694,78.21,87,88,6.76
151,Norman Wells,CA,2021-03-27 17:09:56,65.282,-126.8329,6.8,78,75,10.36
152,Yellowknife,CA,2021-03-27 17:09:57,62.456,-114.3525,15.01,78,75,5.75
153,Hobart,AU,2021-03-27 17:09:57,-42.8794,147.3294,53.6,71,54,10.36
154,Tessalit,ML,2021-03-27 17:09:57,20.1986,1.0114,85.93,4,0,15.79
155,Aksarka,RU,2021-03-27 17:09:57,66.5606,67.7975,-5.19,99,16,3.76
156,Port-Cartier,CA,2021-03-27 17:09:57,50.0334,-66.8654,30.99,36,100,4.61
157,Comodoro Rivadavia,AR,2021-03-27 17:09:58,-45.8667,-67.5,69.8,37,0,16.11
158,Aquiraz,BR,2021-03-27 17:09:58,-3.9014,-38.3911,77.0,94,75,4.61
159,Satinka,RU,2021-03-27 17:09:58,52.3792,41.6819,32.59,98,100,7.34
160,Tuatapere,NZ,2021-03-27 17:09:58,-46.1333,167.6833,55.99,91,97,1.01
161,Pevek,RU,2021-03-27 17:09:59,69.7008,170.3133,-21.53,97,97,3.89
162,Alta Floresta,BR,2021-03-27 17:09:59,-9.8756,-56.0861,84.61,65,11,3.27
163,Sayyan,YE,2021-03-27 17:09:59,15.1718,44.3244,61.34,18,95,5.39
164,Nouadhibou,MR,2021-03-27 17:09:59,20.931,-17.0347,69.8,68,0,20.71
165,Gabu,GW,2021-03-27 17:09:59,12.2833,-14.2167,107.65,9,24,4.29
166,Kargasok,RU,2021-03-27 17:10:00,59.0556,80.8572,32.2,99,100,3.85
167,Milkovo,RU,2021-03-27 17:10:00,54.7167,158.6167,16.29,93,100,11.3
168,Kasongo-Lunda,CD,2021-03-27 17:10:00,-6.4667,16.8167,75.34,80,74,2.06
169,Porto Novo,BJ,2021-03-27 17:10:00,6.4965,2.6036,87.8,70,40,13.8
170,Balabac,PH,2021-03-27 17:10:01,7.9868,117.0645,81.43,78,10,8.25
171,Rocha,UY,2021-03-27 17:10:01,-34.4833,-54.3333,76.91,73,51,2.59
172,Dukat,RU,2021-03-27 17:10:01,62.55,155.55,-18.09,98,89,3.09
173,Mount Isa,AU,2021-03-27 17:10:01,-20.7333,139.5,80.6,28,0,11.5
174,Padang,ID,2021-03-27 17:10:02,-0.9492,100.3543,78.8,94,90,2.3
175,Najran,SA,2021-03-27 17:10:02,17.4924,44.1277,86.0,11,0,9.22
176,Bredasdorp,ZA,2021-03-27 17:10:04,-34.5322,20.0403,66.2,48,91,9.22
177,Vaini,TO,2021-03-27 17:10:04,-21.2,-175.2,78.8,89,20,6.91
178,Ciudad Guayana,VE,2021-03-27 17:10:05,8.3533,-62.6528,86.47,48,95,6.53
179,Nagato,JP,2021-03-27 17:10:05,34.3833,131.2,59.0,72,90,19.57
180,Sambava,MG,2021-03-27 17:10:05,-14.2667,50.1667,79.88,85,74,9.6
181,Kazachinskoye,RU,2021-03-27 17:10:05,57.6953,93.2761,28.27,95,100,5.39
182,Komsomolskiy,UZ,2021-03-27 17:10:06,40.4272,71.7189,57.2,77,100,2.3
183,Middleton,GB,2021-03-27 17:05:38,53.55,-2.2,51.01,51,99,4.0
184,Kavieng,PG,2021-03-27 17:10:06,-2.5744,150.7967,81.01,80,94,13.8
185,San Carlos De Bariloche,AR,2021-03-27 17:10:06,-41.1456,-71.3082,73.0,21,0,6.91
186,Naliya,IN,2021-03-27 17:10:06,23.2667,68.8333,79.23,62,6,8.97
187,Esperance,AU,2021-03-27 17:10:06,-33.8667,121.9,60.8,88,81,8.05
188,Salta,AR,2021-03-27 17:09:14,-24.7859,-65.4117,57.2,94,90,3.44
189,Znamenskoye,RU,2021-03-27 17:10:07,57.1281,73.8282,31.28,99,100,0.51
190,Avarua,CK,2021-03-27 17:10:07,-21.2078,-159.775,78.8,89,90,8.05
191,Tarata,BO,2021-03-27 17:10:07,-17.6167,-66.0167,75.2,27,75,4.61
192,Kupino,RU,2021-03-27 17:10:07,54.3663,77.2981,25.05,98,99,5.32
193,Vila Franca Do Campo,PT,2021-03-27 17:10:08,37.7167,-25.4333,60.8,63,20,11.5
194,Narsaq,GL,2021-03-27 17:10:08,60.9167,-46.05,10.4,37,75,3.44
195,Ternate,ID,2021-03-27 17:10:08,0.8,127.4,81.14,82,100,13.58
196,Basco,PH,2021-03-27 17:10:08,20.4487,121.9702,78.82,86,12,15.68
197,Bluff,NZ,2021-03-27 17:10:09,-46.6,168.3333,55.99,91,80,1.01
198,Zachepylivka,UA,2021-03-27 17:10:09,49.1939,35.2394,42.26,85,96,5.41
199,Kavaratti,IN,2021-03-27 17:10:09,10.5669,72.642,84.38,73,98,8.93
200,Tecoanapa,MX,2021-03-27 17:10:09,16.5167,-98.75,83.57,55,0,7.54
201,Miyazu,JP,2021-03-27 17:10:10,35.5333,135.1833,53.42,80,97,12.17
202,Haines Junction,CA,2021-03-27 17:10:10,60.7522,-137.5108,23.0,74,99,4.61
203,Alibag,IN,2021-03-27 17:10:10,18.6411,72.8792,93.2,18,1,4.99
204,East London,ZA,2021-03-27 17:10:10,-33.0153,27.9116,68.0,64,0,19.57
205,Uray,RU,2021-03-27 17:10:10,60.1247,64.7758,16.34,92,74,6.24
206,Betanzos,ES,2021-03-27 17:10:11,43.2804,-8.2147,60.8,55,0,6.91
207,Bonavista,CA,2021-03-27 17:10:11,48.6499,-53.1147,28.99,93,100,10.36
208,Lagoa,PT,2021-03-27 17:10:11,39.05,-27.9833,58.86,84,80,12.62
209,Luderitz,NA,2021-03-27 17:10:11,-26.6481,15.1594,67.93,69,0,20.8
210,Husavik,IS,2021-03-27 17:10:12,66.0449,-17.3389,19.4,49,0,8.05
211,Galesong,ID,2021-03-27 17:10:12,-5.3166,119.3661,75.2,100,20,1.14
212,Avera,US,2021-03-27 17:10:12,33.194,-82.5271,80.01,59,75,5.75
213,Bardiyah,LY,2021-03-27 17:10:12,31.7561,25.0865,56.32,56,5,10.74
214,Grindavik,IS,2021-03-27 17:10:13,63.8424,-22.4338,30.2,64,90,41.43
215,Sulangan,PH,2021-03-27 17:10:13,11.1373,123.7228,81.66,77,55,10.29
216,Nikolskoye,RU,2021-03-27 17:10:13,59.7035,30.7861,44.6,57,0,4.47
217,Shingu,JP,2021-03-27 17:10:13,33.7333,135.9833,56.73,78,100,4.36
218,Gavrilov Posad,RU,2021-03-27 17:10:14,56.5597,40.1175,33.22,82,98,4.94
219,Nabire,ID,2021-03-27 17:10:14,-3.3667,135.4833,75.58,95,100,4.25
220,Aklavik,CA,2021-03-27 17:10:14,68.2191,-135.0107,-20.2,76,75,4.61
221,Springhill,US,2021-03-27 17:10:14,33.006,-93.4668,75.99,85,78,10.02
222,Vostok,RU,2021-03-27 17:10:14,46.4856,135.8833,33.4,98,100,4.05
223,Melenki,RU,2021-03-27 17:10:15,55.3343,41.6295,32.97,85,100,6.31
224,Beringovskiy,RU,2021-03-27 17:10:15,63.05,179.3167,-13.83,99,43,1.59
225,Mahajanga,MG,2021-03-27 17:09:02,-15.7167,46.3167,80.6,83,20,6.91
226,Acapulco,MX,2021-03-27 17:10:15,16.8634,-99.8901,84.2,61,1,4.61
227,Goias,BR,2021-03-27 17:10:15,-15.5807,-49.6362,83.95,47,85,2.42
228,Katsuura,JP,2021-03-27 17:10:16,35.1333,140.3,60.01,75,100,4.0
229,Victoria,HK,2021-03-27 17:07:32,22.2855,114.1577,75.0,89,4,2.42
230,Dalhousie,IN,2021-03-27 17:10:16,32.5333,75.9833,54.3,39,32,7.31
231,Paamiut,GL,2021-03-27 17:10:16,61.994,-49.6678,2.21,72,0,32.17
232,Mae Sai,TH,2021-03-27 17:10:16,20.4335,99.8762,78.8,69,20,3.44
233,Pilar,BR,2021-03-27 17:10:17,-9.5972,-35.9567,73.4,100,75,4.61
234,Isla Mujeres,MX,2021-03-27 17:10:17,21.2311,-86.731,84.2,65,40,14.97
235,Magaria,NE,2021-03-27 17:10:17,12.9983,8.9099,87.22,9,7,10.54
236,Prescott,US,2021-03-27 17:10:17,34.54,-112.4685,46.99,65,1,6.91
237,Freeport,US,2021-03-27 17:10:17,40.6576,-73.5832,64.4,39,1,6.91
238,Krasnoselkup,RU,2021-03-27 17:10:18,65.7,82.4667,0.09,99,66,8.59
239,Gasa,PS,2021-03-27 17:10:18,31.5,34.4667,59.0,58,6,6.44
240,Klaksvik,FO,2021-03-27 17:10:18,62.2266,-6.589,39.2,75,75,24.16
241,Kerrville,US,2021-03-27 17:07:43,30.0474,-99.1403,71.6,78,90,10.36
242,Berlevag,NO,2021-03-27 17:10:18,70.8578,29.0864,37.76,90,99,20.15
243,Monrovia,LR,2021-03-27 17:08:21,6.3005,-10.7969,86.0,74,75,11.5
244,Tahta,EG,2021-03-27 17:10:19,26.7693,31.5021,69.8,18,0,20.71
245,Korla,CN,2021-03-27 17:10:19,41.7597,86.1469,53.6,57,93,15.55
246,Talnakh,RU,2021-03-27 17:07:07,69.4865,88.3972,13.69,96,100,1.45
247,Nantucket,US,2021-03-27 17:10:19,41.2835,-70.0995,53.6,58,1,11.5
248,Wagar,SD,2021-03-27 17:10:19,16.1525,36.2032,80.91,43,3,23.22
249,Bengkulu,ID,2021-03-27 17:10:20,-3.8004,102.2655,76.93,91,100,6.22
250,Santa Maria,BR,2021-03-27 17:10:20,-29.6842,-53.8069,77.0,78,75,2.3
251,Traverse City,US,2021-03-27 17:08:16,44.7631,-85.6206,42.8,52,90,4.61
252,Arica,CL,2021-03-27 17:10:20,-18.475,-70.3042,73.4,56,0,12.66
253,Mortka,RU,2021-03-27 17:10:20,59.3322,66.0214,24.08,83,100,9.98
254,Jeremoabo,BR,2021-03-27 17:10:20,-10.075,-38.4808,95.41,20,10,9.62
255,Presidente Olegario,BR,2021-03-27 17:10:21,-18.4178,-46.4181,86.0,52,25,1.01
256,Mumford,GH,2021-03-27 17:10:21,5.2618,-0.759,82.4,75,30,10.6
257,Santa Rosa,PH,2021-03-27 17:10:21,14.3122,121.1114,82.4,74,20,4.61
258,Bouca,CF,2021-03-27 17:10:21,6.5105,18.2733,84.72,41,76,2.44
259,Bilma,NE,2021-03-27 17:10:22,18.6853,12.9164,80.92,10,0,6.76
260,Deputatskiy,RU,2021-03-27 17:10:22,69.3,139.9,-2.09,98,100,1.83
261,Loa Janan,ID,2021-03-27 17:07:11,-0.583,117.095,72.45,99,93,1.74
262,Alofi,NU,2021-03-27 17:10:22,-19.0595,-169.9187,78.8,89,16,5.75
263,Senno,RU,2021-03-27 17:10:22,59.5336,33.9167,33.48,96,100,3.4
264,College,US,2021-03-27 17:06:05,64.8569,-147.8028,17.6,73,90,3.44
265,Port Hawkesbury,CA,2021-03-27 17:10:23,45.6169,-61.3485,37.0,87,90,11.5
266,Jaciara,BR,2021-03-27 17:10:23,-15.9653,-54.9683,90.93,37,6,3.83
267,Carutapera,BR,2021-03-27 17:10:23,-1.195,-46.02,75.42,93,100,2.91
268,Batticaloa,LK,2021-03-27 17:10:23,7.7102,81.6924,80.73,77,100,6.44
269,Magistralnyy,RU,2021-03-27 17:10:24,56.1725,107.4458,11.39,95,82,3.18
270,Dossor,KZ,2021-03-27 17:10:24,47.5272,52.9811,35.74,91,100,9.8
271,Laguna,US,2021-03-27 17:10:24,38.421,-121.4238,59.0,51,1,5.75
272,Morondava,MG,2021-03-27 17:07:17,-20.2833,44.2833,79.25,69,1,7.11
273,Fortuna,US,2021-03-27 17:10:24,40.5982,-124.1573,52.0,87,1,6.91
274,Jalgaon,IN,2021-03-27 17:10:24,21.0167,75.5667,89.89,12,0,0.54
275,Uzhur,RU,2021-03-27 17:10:25,55.3036,89.8339,17.02,95,99,4.0
276,Pandamatenga,BW,2021-03-27 17:10:25,-18.5278,25.627,71.15,47,79,5.82
277,Ljig,RS,2021-03-27 17:10:25,44.2301,20.2382,64.4,34,0,3.44
278,Port Elizabeth,ZA,2021-03-27 17:10:25,-33.918,25.5701,64.4,77,0,17.27
279,Sitka,US,2021-03-27 17:08:28,57.0531,-135.33,32.0,100,90,1.83
280,Melur,IN,2021-03-27 17:10:26,10.05,78.3333,84.2,65,20,3.44
281,Santarem,BR,2021-03-27 17:09:50,-2.4431,-54.7083,86.0,74,75,14.97
282,Cidreira,BR,2021-03-27 17:10:26,-30.1811,-50.2056,78.57,71,98,8.25
283,Datong,CN,2021-03-27 17:10:26,40.0936,113.2914,46.17,21,57,17.22
284,Tam Ky,VN,2021-03-27 17:10:26,15.5667,108.4833,78.8,89,75,3.44
285,Tamboril,DO,2021-03-27 17:10:27,19.4854,-70.611,84.2,69,40,10.36
286,Manzhouli,CN,2021-03-27 17:10:27,49.6,117.4333,37.74,63,77,21.21
287,Boa Vista,BR,2021-03-27 17:10:27,2.8197,-60.6733,89.6,48,75,14.97
288,Mandal,IN,2021-03-27 17:10:27,25.45,74.5667,83.7,13,0,7.38
289,Kota Belud,MY,2021-03-27 17:10:28,6.351,116.4305,77.0,94,20,2.3
290,Vagamo,NO,2021-03-27 17:10:28,61.8751,9.0967,32.09,81,90,5.26
291,Kohima,IN,2021-03-27 17:10:28,25.6667,94.1167,60.6,21,0,3.15
292,Katherine,AU,2021-03-27 17:10:28,-14.4667,132.2667,77.0,83,58,4.61
293,Hithadhoo,MV,2021-03-27 17:10:29,-0.6,73.0833,84.25,71,96,12.37
294,Gat,IL,2021-03-27 17:10:29,31.61,34.7642,59.0,58,7,6.35
295,Loreto,MX,2021-03-27 17:10:29,22.2667,-101.9667,74.64,8,55,10.58
296,Wahiawa,US,2021-03-27 17:10:29,21.5028,-158.0236,73.99,83,1,4.61
297,Henties Bay,NA,2021-03-27 17:10:30,-22.116,14.2845,64.0,89,4,5.99
298,Vila Velha,BR,2021-03-27 17:10:30,-20.3297,-40.2925,89.01,70,20,16.11
299,Bondo,CD,2021-03-27 17:10:30,3.8146,23.6866,79.39,58,80,2.33
300,Bakaly,RU,2021-03-27 17:10:30,55.1789,53.8028,32.25,89,98,14.32
301,Mahebourg,MU,2021-03-27 17:10:30,-20.4081,57.7,77.0,88,40,5.75
302,Soyo,AO,2021-03-27 17:10:31,-6.1349,12.3689,81.93,76,98,9.95
303,Bambous Virieux,MU,2021-03-27 17:10:31,-20.3428,57.7575,79.0,88,40,5.75
304,Fevik,NO,2021-03-27 17:10:31,58.3794,8.6766,48.2,49,0,8.05
305,Rongcheng,CN,2021-03-27 17:10:31,30.634,117.8517,58.68,93,73,2.01
306,Balikpapan,ID,2021-03-27 17:10:32,-1.2675,116.8289,73.96,94,95,5.17
307,Coari,BR,2021-03-27 17:10:32,-4.085,-63.1414,75.87,96,99,2.8
308,Kalmunai,LK,2021-03-27 17:10:32,7.4167,81.8167,79.52,78,99,5.3
309,Tete,MZ,2021-03-27 17:10:32,-16.1564,33.5867,89.01,55,40,2.46
310,Coquimbo,CL,2021-03-27 17:10:06,-29.9533,-71.3436,62.6,72,20,16.11
311,Irondequoit,US,2021-03-27 17:05:37,43.2134,-77.5797,45.0,81,90,5.75
312,Galle,LK,2021-03-27 17:07:41,6.0367,80.217,77.2,83,100,5.39
313,Praya,CV,2021-03-27 17:10:33,14.9215,-23.5087,73.4,60,40,28.77
314,Saldanha,ZA,2021-03-27 17:10:33,-33.0117,17.9442,68.0,45,0,18.41
315,Paragominas,BR,2021-03-27 17:10:33,-2.9667,-47.4833,75.29,86,100,2.95
316,Oussouye,SN,2021-03-27 17:10:33,12.485,-16.5469,107.6,57,0,13.8
317,Zhigalovo,RU,2021-03-27 17:10:34,54.8097,105.1578,10.27,98,57,1.79
318,Iqaluit,CA,2021-03-27 17:10:34,63.7506,-68.5145,-13.0,70,40,2.3
319,Olinda,BR,2021-03-27 17:10:34,-8.0089,-34.8553,82.4,65,40,10.36
320,Prince Rupert,CA,2021-03-27 17:10:34,54.3161,-130.3201,44.6,87,90,18.41
321,Broome,US,2021-03-27 17:10:34,42.2506,-75.833,54.0,71,75,4.61
322,Lorengau,PG,2021-03-27 17:10:35,-2.0226,147.2712,80.73,79,99,8.12
323,Ko Samui,TH,2021-03-27 17:10:35,9.5357,99.9357,83.39,76,17,13.24
324,Tadine,NC,2021-03-27 17:10:35,-21.55,167.8833,75.99,86,1,9.13
325,Along,IN,2021-03-27 17:07:12,28.1667,94.7667,63.88,35,0,2.3
326,Plymouth,US,2021-03-27 17:10:36,41.8334,-70.8328,62.6,50,1,10.36
327,Hamilton,US,2021-03-27 17:05:55,39.1834,-84.5333,64.99,63,75,9.22
328,Olafsvik,IS,2021-03-27 17:10:36,64.8945,-23.7142,27.09,59,100,32.44
329,Saraland,US,2021-03-27 17:10:36,30.8207,-88.0706,81.0,83,75,12.66
330,Rio Gallegos,AR,2021-03-27 17:10:36,-51.6226,-69.2181,62.6,48,75,18.41
331,Khowst,AF,2021-03-27 17:10:37,33.3833,69.8833,65.48,57,46,0.74
332,Sapouy,BF,2021-03-27 17:10:37,11.5544,-1.7736,101.28,14,6,11.36
333,Zhaotong,CN,2021-03-27 17:10:37,27.3167,103.7167,49.05,73,3,3.36
334,Touros,BR,2021-03-27 17:10:37,-5.1989,-35.4608,84.2,74,40,13.8
335,Big Bend,SZ,2021-03-27 17:10:37,-26.8167,31.9333,71.2,90,3,5.68
336,Inirida,CO,2021-03-27 17:10:38,3.8653,-67.9239,84.72,73,86,0.65
337,Trelew,AR,2021-03-27 17:10:38,-43.249,-65.3051,81.25,10,43,16.35
338,Aykhal,RU,2021-03-27 17:10:38,66.0,111.5,-2.74,100,55,5.3
339,Faanui,PF,2021-03-27 17:10:38,-16.4833,-151.75,82.36,72,48,23.49
340,Sur,OM,2021-03-27 17:10:39,22.5667,59.5289,81.79,49,97,7.34
341,Ahipara,NZ,2021-03-27 17:10:39,-35.1667,173.1667,66.31,85,100,11.97
342,San Policarpo,PH,2021-03-27 17:10:39,12.1791,125.5072,80.06,83,88,10.27
343,Koslan,RU,2021-03-27 17:10:39,63.4564,48.8989,20.35,96,16,2.84
344,Lukovetskiy,RU,2021-03-27 17:10:39,64.2956,41.9211,30.2,80,0,2.24
345,Kalemie,CD,2021-03-27 17:10:40,-5.9475,29.1947,72.9,79,53,0.47
346,Vao,NC,2021-03-27 17:10:40,-22.6667,167.4833,77.61,80,5,11.21
347,Bethel,US,2021-03-27 17:10:40,41.3712,-73.414,63.0,39,20,8.05
348,Krasnovishersk,RU,2021-03-27 17:10:40,60.4078,57.082,14.13,96,11,3.98
349,Altagracia De Orituco,VE,2021-03-27 17:10:41,9.8601,-66.3814,85.57,44,100,8.3
350,Itarema,BR,2021-03-27 17:10:41,-2.9248,-39.9167,79.07,81,94,5.12
351,Bereda,ES,2021-03-27 17:10:41,43.2686,-7.5406,64.99,41,0,8.99
352,Gazli,UZ,2021-03-27 17:10:41,40.1333,63.45,62.67,46,93,12.97
353,San Jeronimito,MX,2021-03-27 17:10:41,17.55,-101.3333,86.0,66,1,5.39
354,Adeje,ES,2021-03-27 17:10:42,28.1227,-16.726,73.4,53,20,20.71
355,Springdale,US,2021-03-27 17:10:42,36.1867,-94.1288,73.4,60,1,13.8
356,Pervoye Maya,RU,2021-03-27 17:10:42,56.164,44.7196,35.6,48,0,6.26
357,Ilulissat,GL,2021-03-27 17:10:42,69.2167,-51.1,-9.4,45,40,5.75
358,Palmer,US,2021-03-27 17:10:23,42.1584,-72.3287,60.01,38,20,4.61
359,Baghdad,IQ,2021-03-27 17:06:19,33.3406,44.4009,59.0,25,0,11.5
360,San Remo,IT,2021-03-27 17:10:43,43.8182,7.7612,62.01,94,40,9.22
361,Kirovskiy,RU,2021-03-27 17:10:43,45.0917,133.5136,33.28,92,96,4.92
362,Razdolnoye,RU,2021-03-27 17:10:43,43.55,131.9167,44.6,87,90,8.95
363,Kevsala,RU,2021-03-27 17:10:43,45.7983,42.6903,38.07,89,76,6.35
364,Arlit,NE,2021-03-27 17:10:44,18.7369,7.3853,84.13,6,0,7.61
365,Lasa,IT,2021-03-27 17:10:44,46.6166,10.7002,62.6,66,20,3.44
366,Pacific Grove,US,2021-03-27 17:10:44,36.6177,-121.9166,69.8,28,1,3.44
367,Cooma,AU,2021-03-27 17:10:44,-36.2333,149.1333,37.4,100,40,1.74
368,Orsha,BY,2021-03-27 17:10:45,54.5153,30.4053,51.8,37,0,4.47
369,Upernavik,GL,2021-03-27 17:10:45,72.7868,-56.1549,-22.32,72,2,3.85
370,Santa Isabel Do Rio Negro,BR,2021-03-27 17:10:45,-0.4139,-65.0192,84.34,72,96,3.53
371,Inta,RU,2021-03-27 17:10:45,66.0317,60.1659,22.91,89,100,11.79
372,Ouadda,CF,2021-03-27 17:10:45,8.0777,22.4007,83.25,30,50,2.68
373,Mamallapuram,IN,2021-03-27 17:10:46,12.6264,80.1722,82.4,74,75,4.61
374,Maniitsoq,GL,2021-03-27 17:10:46,65.4167,-52.9,-3.82,63,16,5.08
375,Ningyang,CN,2021-03-27 17:10:46,35.7642,116.7914,51.64,89,0,6.67
376,Margate,GB,2021-03-27 17:10:46,51.3813,1.3862,51.01,50,91,1.99
377,Torbay,CA,2021-03-27 17:10:47,47.6666,-52.7314,30.99,100,90,28.77
378,Sukhobezvodnoye,RU,2021-03-27 17:10:47,57.0491,44.8891,32.18,82,99,5.7
379,The Valley,AI,2021-03-27 17:10:47,18.217,-63.0578,84.2,65,40,18.41
380,Faya,SA,2021-03-27 17:10:47,18.3851,42.4509,69.8,59,0,5.75
381,Palana,RU,2021-03-27 17:10:48,59.1167,159.9667,-6.34,91,100,7.47
382,Riyadh,SA,2021-03-27 17:08:18,24.6877,46.7219,84.2,20,15,18.41
383,Manzanillo,CU,2021-03-27 17:10:48,20.3433,-77.1167,91.35,35,0,10.27
384,Pisco,PE,2021-03-27 17:10:48,-13.7,-76.2167,73.0,73,15,9.22
385,Flin Flon,CA,2021-03-27 17:10:48,54.7682,-101.865,19.4,49,20,3.44
386,Longyearbyen,SJ,2021-03-27 17:10:49,78.2186,15.6401,24.8,68,75,35.68
387,Taoudenni,ML,2021-03-27 17:10:49,22.6783,-3.9836,95.18,5,3,12.48
388,Lipin Bor,RU,2021-03-27 17:10:49,60.2622,37.9763,31.86,94,100,1.77
389,Mapiri,BO,2021-03-27 17:10:49,-15.25,-68.1667,82.67,67,77,2.35
390,Bose,IT,2021-03-27 17:10:50,45.4612,8.0137,61.0,67,88,1.99
391,San Clemente,US,2021-03-27 17:10:50,33.427,-117.612,62.01,72,0,2.73
392,Serowe,BW,2021-03-27 17:10:50,-22.3833,26.7167,75.54,34,30,5.55
393,Podporozhye,RU,2021-03-27 17:10:50,60.9112,34.1706,33.84,99,100,2.84
394,Hami,CN,2021-03-27 17:10:51,42.8,93.45,57.06,41,100,6.13
395,Qaqortoq,GL,2021-03-27 17:10:51,60.7167,-46.0333,10.4,37,75,3.44
396,Camacha,PT,2021-03-27 17:10:51,33.0833,-16.3333,64.4,72,40,20.71
397,Dzilam Gonzalez,MX,2021-03-27 17:10:51,21.2833,-88.9333,92.12,37,21,10.33
398,Provideniya,RU,2021-03-27 17:10:51,64.3833,-173.3,-4.32,100,100,4.07
399,North Platte,US,2021-03-27 17:10:52,41.1239,-100.7654,51.8,50,40,20.71
400,Ucluelet,CA,2021-03-27 17:09:26,48.9329,-125.5528,46.99,93,90,4.61
401,Caravelas,BR,2021-03-27 17:10:52,-17.7125,-39.2481,85.95,51,0,9.78
402,Shar,KZ,2021-03-27 17:10:52,49.5886,81.0453,34.41,94,100,12.75
403,Karratha,AU,2021-03-27 17:10:52,-20.7377,116.8463,82.83,68,81,8.55
404,Rio Cuarto,AR,2021-03-27 17:10:53,-33.1307,-64.3499,66.99,45,40,18.41
405,Chuy,UY,2021-03-27 17:10:53,-33.6971,-53.4616,75.99,78,89,3.06
406,Elyakhin,IL,2021-03-27 17:10:53,32.4079,34.9243,59.0,51,40,9.22
407,Geraldton,AU,2021-03-27 17:10:53,-28.7667,114.6,66.2,72,3,10.36
408,Nurmijarvi,FI,2021-03-27 17:10:54,60.4641,24.8073,42.8,75,0,8.05
409,Derzhavinsk,KZ,2021-03-27 17:10:54,51.1,66.3167,31.39,98,100,5.3
410,Sao Joao Da Barra,BR,2021-03-27 17:10:54,-21.6403,-41.0511,89.6,58,20,9.22
411,Burnie,AU,2021-03-27 17:10:54,-41.0667,145.9167,55.71,78,41,11.21
412,Rusape,ZW,2021-03-27 17:10:54,-18.5278,32.1284,68.43,61,82,2.51
413,Plouzane,FR,2021-03-27 17:08:10,48.3833,-4.6167,50.0,71,75,19.57
414,Tena,EC,2021-03-27 17:10:55,-0.9833,-77.8167,80.6,83,75,3.44
415,Rapid Valley,US,2021-03-27 17:10:55,44.0625,-103.1463,44.01,52,20,28.77
416,Calamar,CO,2021-03-27 17:10:55,10.2511,-74.9146,87.8,62,20,12.66
417,Kalabo,ZM,2021-03-27 17:10:55,-14.97,22.6814,71.33,77,92,4.0
418,Inhambane,MZ,2021-03-27 17:10:56,-23.865,35.3833,78.8,83,40,8.55
419,Daugai,LT,2021-03-27 17:10:56,54.3667,24.3333,53.6,43,0,9.22
420,Tautira,PF,2021-03-27 17:10:56,-17.7333,-149.15,78.8,83,40,5.75
421,Xining,CN,2021-03-27 17:10:56,36.6167,101.7667,44.78,29,80,1.43
422,Hasaki,JP,2021-03-27 17:10:57,35.7333,140.8333,57.2,72,75,9.22
423,Behshahr,IR,2021-03-27 17:10:57,36.6923,53.5526,53.15,89,57,13.31
424,Siirt,TR,2021-03-27 17:10:57,37.9326,41.9403,39.58,68,42,2.35
425,Baoqing,CN,2021-03-27 17:10:57,46.3317,132.2111,38.75,89,12,4.21
426,Sembe,CG,2021-03-27 17:10:58,1.6481,14.5806,82.0,58,84,1.74
427,Usinsk,RU,2021-03-27 17:10:58,65.9939,57.5281,24.13,84,91,15.32
428,Oga,IT,2021-03-27 17:10:58,46.4631,10.347,46.4,70,20,5.75
429,Torbat-E Jam,IR,2021-03-27 17:07:15,35.244,60.6225,74.41,33,61,3.85
430,Killorglin,IE,2021-03-27 17:10:58,52.1,-9.7833,50.0,81,90,19.57
431,Sola,VU,2021-03-27 17:10:58,-13.8833,167.55,82.63,75,98,14.74
432,Chlorakas,CY,2021-03-27 17:06:59,34.8042,32.4083,53.6,47,20,11.5
433,Yaan,NG,2021-03-27 17:10:59,7.3833,8.5667,97.9,11,54,8.12
434,Port Blair,IN,2021-03-27 17:10:59,11.6667,92.75,82.2,77,98,4.74
435,Nizwa,OM,2021-03-27 17:10:59,22.9333,57.5333,85.93,17,16,2.15
436,Bozoum,CF,2021-03-27 17:10:59,6.3193,16.3799,85.87,37,32,5.84
437,Springbok,ZA,2021-03-27 17:11:00,-29.6643,17.8865,66.4,42,0,12.06
438,Port Lincoln,AU,2021-03-27 17:11:00,-34.7333,135.8667,58.32,76,29,3.76
439,Port Hardy,CA,2021-03-27 17:11:00,50.6996,-127.4199,44.6,93,90,2.3
440,Samarai,PG,2021-03-27 17:11:00,-10.6167,150.6667,83.03,79,99,14.23
441,Ulladulla,AU,2021-03-27 17:11:01,-35.35,150.4667,61.0,94,90,5.75
442,Lucea,JM,2021-03-27 17:11:01,18.451,-78.1736,84.2,65,20,16.11
443,Ust-Uda,RU,2021-03-27 17:11:01,54.1742,103.0304,11.48,96,55,0.85
444,Mazagao,BR,2021-03-27 17:11:01,-0.115,-51.2894,80.73,80,97,3.6
445,Nanakuli,US,2021-03-27 17:11:02,21.3906,-158.1547,73.4,83,1,4.61
446,Acarau,BR,2021-03-27 17:11:02,-2.8856,-40.12,78.28,83,88,5.41
447,Mayo,US,2021-03-27 17:08:05,38.8876,-76.5119,69.01,55,1,13.8
448,Ciro Marina,IT,2021-03-27 17:11:02,39.3732,17.126,57.2,77,20,9.22
449,Northam,GB,2021-03-27 17:11:02,51.0333,-4.2167,50.0,80,98,5.01
450,Manta,EC,2021-03-27 17:11:03,-0.95,-80.7333,84.2,70,75,8.05
451,Birpur,IN,2021-03-27 17:07:08,26.5167,87.0167,75.81,12,0,5.21
452,Orotukan,RU,2021-03-27 17:11:03,62.2667,151.7,-11.49,84,36,6.69
453,Saint-Augustin,CA,2021-03-27 17:11:03,51.226,-58.6502,23.83,66,80,18.05
454,Lata,PT,2021-03-27 17:11:03,40.1629,-8.3327,66.99,72,96,3.0
455,Poum,NC,2021-03-27 17:11:04,-20.2333,164.0167,80.15,75,63,10.49
456,Sorland,NO,2021-03-27 17:11:04,67.667,12.6934,40.86,79,100,23.49
457,Mehamn,NO,2021-03-27 17:11:04,71.0357,27.8492,35.91,86,98,12.64
458,Pemangkat,ID,2021-03-27 17:11:04,1.1667,108.9667,77.68,87,100,2.68
459,Huarmey,PE,2021-03-27 17:11:04,-10.0681,-78.1522,74.61,74,40,9.37
460,Kununurra,AU,2021-03-27 17:11:05,-15.7667,128.7333,80.6,83,98,3.44
461,Pucallpa,PE,2021-03-27 17:11:05,-8.3791,-74.5539,87.8,66,75,6.91
462,Pueblo Nuevo,MX,2021-03-27 17:11:05,23.3833,-105.3833,70.92,12,9,6.98
463,Corrente,BR,2021-03-27 17:11:05,-3.7367,-43.3394,81.73,75,98,1.34
464,Kamaishi,JP,2021-03-27 17:11:06,39.2667,141.8833,44.91,76,99,7.78
465,Presidencia Roque Saenz Pena,AR,2021-03-27 17:11:06,-26.7852,-60.4388,64.0,99,100,4.0
466,Valenca,BR,2021-03-27 17:11:06,-13.3703,-39.0731,86.49,52,100,7.99
467,Ariquemes,BR,2021-03-27 17:11:06,-9.9133,-63.0408,85.71,67,21,2.98
468,Vestmannaeyjar,IS,2021-03-27 17:11:06,63.4427,-20.2734,30.2,93,75,50.64
469,Mizdah,LY,2021-03-27 17:11:07,31.4451,12.9801,65.97,19,32,3.44
470,Huaihua,CN,2021-03-27 17:09:24,27.5494,109.9592,60.57,93,46,1.05
471,Reconquista,AR,2021-03-27 17:11:07,-29.15,-59.65,61.63,81,100,10.69
472,Safford,US,2021-03-27 17:11:07,32.834,-109.7076,55.4,47,1,11.5
473,Ogori,JP,2021-03-27 17:11:07,34.1,131.4,57.2,72,90,19.57
474,Sudak,UA,2021-03-27 17:11:08,44.85,34.9667,46.02,74,63,4.59
475,Vadodara,IN,2021-03-27 17:07:18,22.3,73.2,89.28,13,0,9.06
476,Porosozero,RU,2021-03-27 17:11:08,62.7191,32.727,32.4,95,88,6.11
477,Madera,US,2021-03-27 17:09:08,37.1666,-119.8343,63.0,46,0,1.99
478,Agadir,MA,2021-03-27 17:06:50,30.4202,-9.5982,73.4,56,51,9.22
479,Chapais,CA,2021-03-27 17:11:08,49.7834,-74.8492,32.0,51,1,5.75
480,Nago,JP,2021-03-27 17:11:09,26.5881,127.9761,73.4,83,40,12.66
481,Dauphin,CA,2021-03-27 17:11:09,51.1494,-100.0502,28.4,86,40,11.5
482,Ahmadnagar,IN,2021-03-27 17:11:09,19.0833,74.7333,86.77,11,0,5.66
483,Voyvozh,RU,2021-03-27 17:11:09,62.892,54.9635,17.89,94,21,4.14
484,Kijang,KR,2021-03-27 17:11:10,35.2442,129.2139,62.6,88,90,20.71
485,Kysyl-Syr,RU,2021-03-27 17:11:10,63.8986,122.7617,8.17,97,99,4.12
486,Guiratinga,BR,2021-03-27 17:11:10,-16.3494,-53.7583,87.75,40,2,4.0
487,Sakakah,SA,2021-03-27 17:11:10,29.9697,40.2064,62.6,14,0,8.05
488,Shkotovo,RU,2021-03-27 17:11:11,43.3319,132.3625,44.6,87,90,8.95
489,Tomatlan,MX,2021-03-27 17:11:11,19.9333,-105.25,85.19,22,4,4.9
490,Puerto Cabello,VE,2021-03-27 17:11:11,10.4731,-68.0125,78.44,76,100,13.42
491,Seduva,LT,2021-03-27 17:11:11,55.7667,23.7667,51.8,50,0,13.8
492,Cozumel,MX,2021-03-27 17:09:47,20.5083,-86.9458,86.0,62,75,14.97
493,Alberton,CA,2021-03-27 17:11:11,46.8168,-64.0654,26.6,86,100,2.3
494,Berezanka,UA,2021-03-27 17:11:12,46.8526,31.388,46.31,64,90,6.26
495,Marsa Matruh,EG,2021-03-27 17:07:03,31.3525,27.2453,59.0,44,40,11.5
496,Marawi,PH,2021-03-27 17:11:12,7.9986,124.2928,75.99,92,99,5.01
497,Corinto,GR,2021-03-27 17:10:33,37.9407,22.9573,53.01,53,4,3.0
498,Albertville,US,2021-03-27 17:07:45,34.2676,-86.2089,75.99,73,75,9.22
499,Les Cayes,HT,2021-03-27 17:10:18,18.2,-73.75,84.76,57,2,12.62
500,Taga,RO,2021-03-27 17:11:12,46.95,24.05,57.2,33,0,3.44
501,Marsh Harbour,BS,2021-03-27 17:11:12,26.5412,-77.0636,77.23,70,9,16.35
502,Kerema,PG,2021-03-27 17:11:13,-7.9631,145.7785,78.37,89,65,3.94
503,Kathmandu,NP,2021-03-27 17:10:22,27.7167,85.3167,59.0,63,20,3.44
504,Severobaykalsk,RU,2021-03-27 17:11:13,55.65,109.3167,12.09,86,57,7.61
505,Cap Malheureux,MU,2021-03-27 17:11:13,-19.9842,57.6142,79.0,81,48,1.01
506,Tarakan,ID,2021-03-27 17:11:13,3.3,117.6333,78.6,76,80,4.63
507,Forestville,US,2021-03-27 17:11:14,38.8451,-76.875,72.0,42,1,5.75
508,Souillac,MU,2021-03-27 17:11:14,-20.5167,57.5167,77.0,88,40,5.75
509,San Quintin,MX,2021-03-27 17:11:14,30.4833,-115.95,62.26,50,0,3.29
510,Natalio,PY,2021-03-27 17:11:14,-26.7167,-55.0833,88.11,41,100,5.91
511,Port-Gentil,GA,2021-03-27 17:11:15,-0.7193,8.7815,82.4,78,20,4.61
512,Wanning,CN,2021-03-27 17:11:15,18.8003,110.3967,73.56,94,100,6.6
513,Sidney,AU,2021-03-27 17:10:05,-33.8679,151.2073,68.0,56,0,10.36
514,Rawah,IQ,2021-03-27 17:11:15,34.4816,41.9093,56.62,21,0,14.61
515,Bathsheba,BB,2021-03-27 17:11:15,13.2167,-59.5167,84.2,54,40,21.85
516,Casper,US,2021-03-27 17:07:16,42.8666,-106.3131,39.0,80,1,4.61
517,Nuevo Progreso,MX,2021-03-27 17:11:16,23.1667,-97.95,86.0,52,63,5.01
518,Rabaul,PG,2021-03-27 17:11:16,-4.1967,152.1721,79.05,78,95,5.23
519,Dicabisagan,PH,2021-03-27 17:11:16,17.0818,122.4157,76.17,89,85,2.91
520,Ushtobe,KZ,2021-03-27 17:11:16,45.2514,77.9838,55.09,72,99,11.65
521,Lodja,CD,2021-03-27 17:11:16,-3.4833,23.4333,78.24,66,96,2.17
522,Petropavlovsk-Kamchatskiy,RU,2021-03-27 17:11:17,53.0452,158.6483,28.4,50,40,29.08
523,Nanma,CN,2021-03-27 17:11:17,36.1817,118.1583,49.48,88,0,4.65
524,Nizhnekamsk,RU,2021-03-27 17:08:33,55.6366,51.8245,33.8,64,0,8.95
525,Port Macquarie,AU,2021-03-27 17:11:17,-31.4333,152.9167,62.01,100,4,5.79
526,Vardo,NO,2021-03-27 17:11:17,70.3705,31.1107,37.36,93,99,24.14
527,Iturama,BR,2021-03-27 17:11:18,-19.7281,-50.1956,95.16,26,15,2.82
528,Surab,PK,2021-03-27 17:11:18,28.4914,66.2585,69.91,19,0,1.32
529,Necochea,AR,2021-03-27 17:11:18,-38.5473,-58.7368,66.0,70,74,10.0
530,Ayolas,PY,2021-03-27 17:11:18,-27.4,-56.9,72.82,93,100,4.94
531,Chacabuco,AR,2021-03-27 17:11:18,-34.6417,-60.4739,66.99,66,97,8.01
532,Andenes,NO,2021-03-27 17:11:19,69.3143,16.1194,39.2,81,90,14.97
533,Singkang,MY,2021-03-27 17:11:19,2.1006,102.7994,75.2,94,20,2.95
534,Itaituba,BR,2021-03-27 17:11:19,-4.2761,-55.9836,88.03,56,77,5.19
535,Morelia,MX,2021-03-27 17:10:11,19.7008,-101.1844,75.2,22,1,3.02
536,Progreso,MX,2021-03-27 17:11:19,21.2833,-89.6667,93.99,38,20,23.02
537,Hearst,CA,2021-03-27 17:11:20,49.6835,-83.6665,32.0,64,97,5.75
538,Dundee,GB,2021-03-27 17:11:20,56.5,-2.9667,46.4,71,40,16.11
539,Puerto Baquerizo Moreno,EC,2021-03-27 17:11:20,-0.9,-89.6,82.4,78,40,6.91
540,Dalby,AU,2021-03-27 17:11:20,-27.1833,151.2667,55.4,88,0,3.44
541,Augusto Correa,BR,2021-03-27 17:11:21,-1.0217,-46.635,74.03,97,100,2.24
542,Imbituba,BR,2021-03-27 17:11:21,-28.24,-48.6703,84.2,65,20,13.8
543,Garrel,DE,2021-03-27 17:11:21,52.95,8.0167,43.0,88,64,5.99
544,Heishan,CN,2021-03-27 17:11:21,41.6892,122.1128,42.84,90,59,11.79
545,Saint-Georges,GD,2021-03-27 17:11:21,12.0564,-61.7485,86.0,66,40,27.63
546,Altamont,US,2021-03-27 17:11:22,42.2068,-121.7372,45.0,70,1,1.95
547,Ha Giang,VN,2021-03-27 17:11:22,22.8333,104.9833,73.45,97,44,0.96
548,Ulaangom,MN,2021-03-27 17:11:22,49.9811,92.0667,11.79,79,100,4.68
549,Kutum,SD,2021-03-27 17:11:22,14.2,24.6667,75.02,13,98,13.02
550,Vera Cruz,BR,2021-03-27 17:10:25,-12.6333,-41.0333,90.57,25,88,5.1
551,La Ronge,CA,2021-03-27 17:11:23,55.1001,-105.2842,17.6,67,85,4.68
552,Muisne,EC,2021-03-27 17:11:23,0.6,-80.0333,86.0,79,40,8.05
553,Minab,IR,2021-03-27 17:11:23,27.1467,57.0801,80.6,61,7,4.61
554,Pasighat,IN,2021-03-27 17:07:21,28.0667,95.3333,72.28,24,0,3.69
555,Tagusao,PH,2021-03-27 17:11:23,9.1924,117.8141,78.89,84,16,3.44
556,Cap-Aux-Meules,CA,2021-03-27 17:11:24,47.3821,-61.8597,30.2,80,100,28.77
557,Price,US,2021-03-27 17:11:24,39.5994,-110.8107,42.8,49,1,10.36
558,Narasannapeta,IN,2021-03-27 17:11:24,18.4167,84.05,78.76,76,28,1.9
559,Great Yarmouth,GB,2021-03-27 17:11:24,52.6083,1.7305,50.0,53,0,14.97
560,Batagay-Alyta,RU,2021-03-27 17:11:24,67.8006,130.4114,-3.55,94,100,4.32
561,Lexington Park,US,2021-03-27 17:11:25,38.2668,-76.4538,66.2,52,20,11.5
562,Spremberg,DE,2021-03-27 17:11:25,51.5697,14.3736,44.01,74,75,10.0
563,Ust-Omchug,RU,2021-03-27 17:11:25,61.15,149.6333,-15.47,100,69,1.81
564,Yacuiba,BO,2021-03-27 17:11:25,-22.038,-63.6797,57.83,95,100,7.94
565,Glens Falls,US,2021-03-27 17:10:41,43.3095,-73.644,55.99,53,40,11.5
566,Nioki,CD,2021-03-27 17:11:26,-2.7167,17.6833,77.38,71,84,1.54
567,Bireun,ID,2021-03-27 17:11:26,5.203,96.7009,78.67,86,75,4.34
568,Port Keats,AU,2021-03-27 17:11:26,-14.25,129.55,82.11,63,96,6.89
569,Teguise,ES,2021-03-27 17:11:26,29.0605,-13.564,69.8,78,20,11.5
570,Banamba,ML,2021-03-27 17:11:27,13.55,-7.45,101.43,4,56,8.3
571,Ciurila,RO,2021-03-27 17:11:27,46.65,23.55,57.2,33,0,3.44
572,Brownsville,US,2021-03-27 17:07:35,25.9018,-97.4975,86.0,58,20,26.46
573,Knysna,ZA,2021-03-27 17:11:27,-34.0363,23.0471,62.6,67,40,8.05
574,Totness,SR,2021-03-27 17:11:27,5.8833,-56.3167,83.43,67,95,10.87
575,Polunochnoye,RU,2021-03-27 17:11:28,60.8697,60.4153,15.94,92,19,4.29
576,Dwarka,IN,2021-03-27 17:11:28,22.2394,68.9678,79.79,70,33,14.63
577,Sosnovo-Ozerskoye,RU,2021-03-27 17:11:28,52.5249,111.5418,12.94,91,100,5.59
578,Ust-Ordynskiy,RU,2021-03-27 17:11:28,52.805,104.7508,26.6,68,0,2.24
579,Werda,BW,2021-03-27 17:11:29,-25.2667,23.2833,78.58,28,30,11.05
580,Avanigadda,IN,2021-03-27 17:11:29,16.0215,80.9181,82.4,89,20,3.44
581,Bosaso,SO,2021-03-27 17:11:29,11.2842,49.1816,78.78,78,5,2.24
582,Shache,CN,2021-03-27 17:11:29,38.4167,77.2406,62.4,22,81,8.01
583,Spearfish,US,2021-03-27 17:11:29,44.4908,-103.8594,37.0,75,75,18.41
584,Fengcheng,CN,2021-03-27 17:11:30,40.4536,124.0717,45.05,83,100,3.0
585,Roald,NO,2021-03-27 17:11:30,62.5833,6.1333,41.0,81,75,17.27
586,Uyuni,BO,2021-03-27 17:07:50,-20.4597,-66.825,62.91,37,20,16.24
587,Batemans Bay,AU,2021-03-27 17:11:30,-35.7167,150.1833,57.0,93,19,3.24
588,Inverell,AU,2021-03-27 17:11:30,-29.7833,151.1167,55.99,96,0,4.38
589,Seminole,US,2021-03-27 17:08:06,28.7086,-81.2081,89.01,42,1,3.44
